{"cameraMode":{"drawMode":0,"name":"Shaded","section":"Shading Mode"},"sceneLighting":false,"audioPlay":false,"sceneViewState":{"showFog":false,"showMaterialUpdate":false,"showSkybox":false,"showFlares":true,"showImageEffects":true,"showParticleSystems":true,"showVisualEffectGraphs":true,"m_FxEnabled":true},"in2DMode":false,"pivot":{"x":0.4178759455680847,"y":0.5227146148681641,"z":0.31903985142707827},"rotation":{"x":-0.12121941894292832,"y":0.8225679993629456,"z":-0.1911328285932541,"w":-0.5216858983039856},"size":0.13163162767887116,"orthographic":false}