{"cameraMode":{"drawMode":0,"name":"Shaded","section":"Shading Mode"},"sceneLighting":true,"audioPlay":false,"sceneViewState":{"showFog":false,"showMaterialUpdate":false,"showSkybox":true,"showFlares":true,"showImageEffects":true,"showParticleSystems":true,"showVisualEffectGraphs":true,"m_FxEnabled":true},"in2DMode":false,"pivot":{"x":-0.2897197902202606,"y":1.2369141578674317,"z":-3.466212749481201},"rotation":{"x":-0.09317131340503693,"y":-0.008366758935153485,"z":0.0007826902437955141,"w":-0.995617687702179},"size":0.4341491460800171,"orthographic":false}